{"cameraMode":{"drawMode":0,"name":"Shaded","section":"Shading Mode"},"sceneLighting":true,"audioPlay":false,"sceneViewState":{"showFog":true,"showMaterialUpdate":false,"showSkybox":true,"showFlares":true,"showImageEffects":true,"showParticleSystems":true},"in2DMode":false,"pivot":{"x":-1.1048431396484376,"y":2.0730929374694826,"z":3.19049072265625},"rotation":{"x":-0.12848831713199616,"y":-0.6546608209609985,"z":0.11427157372236252,"w":-0.7361059784889221},"size":4.807394981384277,"orthographic":false}