{"cameraMode":{"drawMode":0,"name":"Shaded","section":"Shading Mode"},"sceneLighting":true,"audioPlay":false,"sceneViewState":{"showFog":true,"showMaterialUpdate":false,"showSkybox":true,"showFlares":true,"showImageEffects":true,"showParticleSystems":true},"in2DMode":false,"pivot":{"x":-0.06354093551635742,"y":0.512049674987793,"z":-0.5128555297851563},"rotation":{"x":-0.043580081313848498,"y":0.9542021751403809,"z":-0.2399008721113205,"w":-0.17333966493606568},"size":7.8824872970581059,"orthographic":false}