{"cameraMode":{"drawMode":0,"name":"Shaded","section":"Shading Mode"},"sceneLighting":true,"audioPlay":false,"sceneViewState":{"showFog":true,"showMaterialUpdate":false,"showSkybox":true,"showFlares":true,"showImageEffects":true,"showParticleSystems":true},"in2DMode":false,"pivot":{"x":-0.8669365644454956,"y":0.38512444496154787,"z":2.0439324378967287},"rotation":{"x":0.181095689535141,"y":0.1990930140018463,"z":-0.03747333586215973,"w":0.9623731970787048},"size":4.545234203338623,"orthographic":false}