{"cameraMode":{"drawMode":0,"name":"Shaded","section":"Shading Mode"},"sceneLighting":true,"audioPlay":false,"sceneViewState":{"showFog":true,"showMaterialUpdate":false,"showSkybox":true,"showFlares":true,"showImageEffects":true,"showParticleSystems":true},"in2DMode":false,"pivot":{"x":0.9252152442932129,"y":2.0183770656585695,"z":0.9258108139038086},"rotation":{"x":0.10630125552415848,"y":-0.0029828520491719248,"z":0.00031041688635014,"w":0.9943294525146484},"size":9.604690551757813,"orthographic":false}